InvoiceID,PartyName,InvoiceDate,Amount,RepurchaseWithin1Month,TimeSinceLastPurchase,AveragePurchaseAmount,TotalNumberOfPurchases
291,ABC Shipping,23-01-2023,492.0249833316397,0,0.0,572.6334164979063,1
464,ABC Shipping,23-01-2023,336.8013129197586,1,0.0,572.6334164979063,2
590,ABC Shipping,24-01-2023,329.20355984144607,1,1.0,572.6334164979063,3
879,ABC Shipping,25-01-2023,332.75875139923494,1,1.0,572.6334164979063,4
248,ABC Shipping,26-01-2023,377.13694743207185,1,1.0,572.6334164979063,5
142,ABC Shipping,27-01-2023,599.8271958438681,1,1.0,572.6334164979063,6
264,ABC Shipping,28-01-2023,882.0144860308465,1,1.0,572.6334164979063,7
763,ABC Shipping,29-01-2023,298.55075744009014,1,1.0,572.6334164979063,8
128,ABC Shipping,30-01-2023,573.7623948425019,1,1.0,572.6334164979063,9
551,ABC Shipping,30-01-2023,472.71677727603435,1,0.0,572.6334164979063,10
390,ABC Shipping,01-02-2023,646.3846324799027,1,2.0,572.6334164979063,11
593,ABC Shipping,02-02-2023,911.5857929218812,1,1.0,572.6334164979063,12
724,ABC Shipping,03-02-2023,996.7009038645226,1,1.0,572.6334164979063,13
216,ABC Shipping,04-02-2023,697.4240748596246,1,1.0,572.6334164979063,14
185,ABC Shipping,05-02-2023,543.0500708032314,1,1.0,572.6334164979063,15
773,ABC Shipping,05-02-2023,468.91440072665944,1,0.0,572.6334164979063,16
786,ABC Shipping,06-02-2023,368.85301622989573,1,1.0,572.6334164979063,17
483,ABC Shipping,08-02-2023,890.1768884005626,1,2.0,572.6334164979063,18
729,ABC Shipping,08-02-2023,633.7399007681057,1,0.0,572.6334164979063,19
287,ABC Shipping,11-02-2023,700.8340470072262,1,3.0,572.6334164979063,20
597,ABC Shipping,11-02-2023,905.6059666358827,1,0.0,572.6334164979063,21
871,ABC Shipping,11-02-2023,590.888682466215,1,0.0,572.6334164979063,22
362,ABC Shipping,14-02-2023,956.2630079859913,1,3.0,572.6334164979063,23
429,ABC Shipping,14-02-2023,695.6552708644408,1,0.0,572.6334164979063,24
218,ABC Shipping,16-02-2023,859.7534040722774,1,2.0,572.6334164979063,25
477,ABC Shipping,16-02-2023,866.2824619705862,1,0.0,572.6334164979063,26
490,ABC Shipping,16-02-2023,256.1720634878578,1,0.0,572.6334164979063,27
901,ABC Shipping,16-02-2023,442.3780067568061,1,0.0,572.6334164979063,28
172,ABC Shipping,17-02-2023,921.1270110550219,1,1.0,572.6334164979063,29
277,ABC Shipping,17-02-2023,143.39083497450042,1,0.0,572.6334164979063,30
186,ABC Shipping,19-02-2023,322.5079669628593,1,2.0,572.6334164979063,31
206,ABC Shipping,19-02-2023,403.30285878815766,1,0.0,572.6334164979063,32
631,ABC Shipping,20-02-2023,443.7456756876063,1,1.0,572.6334164979063,33
676,ABC Shipping,20-02-2023,986.2027655720574,1,0.0,572.6334164979063,34
893,ABC Shipping,20-02-2023,158.68413213444285,1,0.0,572.6334164979063,35
958,ABC Shipping,22-02-2023,513.3386774558926,1,2.0,572.6334164979063,36
227,ABC Shipping,25-02-2023,942.9451230654654,1,3.0,572.6334164979063,37
644,ABC Shipping,25-02-2023,624.1803923865218,1,0.0,572.6334164979063,38
7,ABC Shipping,26-02-2023,884.3831255371387,1,1.0,572.6334164979063,39
426,ABC Shipping,01-03-2023,399.70172175237815,1,3.0,572.6334164979063,40
804,ABC Shipping,02-03-2023,649.2026345298772,1,1.0,572.6334164979063,41
925,ABC Shipping,03-03-2023,904.5907390070834,1,1.0,572.6334164979063,42
927,ABC Shipping,03-03-2023,236.8938549000456,1,0.0,572.6334164979063,43
120,ABC Shipping,06-03-2023,405.50517328852544,1,3.0,572.6334164979063,44
944,ABC Shipping,08-03-2023,603.7801152745443,1,2.0,572.6334164979063,45
153,ABC Shipping,09-03-2023,516.3606610653846,1,1.0,572.6334164979063,46
666,ABC Shipping,09-03-2023,927.033880275599,1,0.0,572.6334164979063,47
973,ABC Shipping,09-03-2023,658.8357107305881,1,0.0,572.6334164979063,48
752,ABC Shipping,10-03-2023,152.69583631958128,1,1.0,572.6334164979063,49
866,ABC Shipping,10-03-2023,864.9778343325958,1,0.0,572.6334164979063,50
140,ABC Shipping,14-03-2023,692.8369979507885,1,4.0,572.6334164979063,51
845,ABC Shipping,15-03-2023,974.8047966683833,1,1.0,572.6334164979063,52
73,ABC Shipping,17-03-2023,817.8031905734694,1,2.0,572.6334164979063,53
539,ABC Shipping,18-03-2023,997.0271684676791,1,1.0,572.6334164979063,54
547,ABC Shipping,18-03-2023,897.94379371642,1,0.0,572.6334164979063,55
749,ABC Shipping,22-03-2023,842.5444691620559,1,4.0,572.6334164979063,56
938,ABC Shipping,22-03-2023,671.2041459285473,1,0.0,572.6334164979063,57
331,ABC Shipping,23-03-2023,934.331090316676,1,1.0,572.6334164979063,58
138,ABC Shipping,24-03-2023,263.9061241198293,1,1.0,572.6334164979063,59
840,ABC Shipping,25-03-2023,330.877056199823,1,1.0,572.6334164979063,60
363,ABC Shipping,26-03-2023,641.450638131698,1,1.0,572.6334164979063,61
22,ABC Shipping,28-03-2023,483.5631720123757,1,2.0,572.6334164979063,62
817,ABC Shipping,28-03-2023,783.4584361761673,1,0.0,572.6334164979063,63
886,ABC Shipping,31-03-2023,891.6236694563763,1,3.0,572.6334164979063,64
693,ABC Shipping,01-04-2023,885.9906242747269,1,1.0,572.6334164979063,65
64,ABC Shipping,04-04-2023,205.57737006615503,1,3.0,572.6334164979063,66
706,ABC Shipping,05-04-2023,599.5764543720577,1,1.0,572.6334164979063,67
479,ABC Shipping,07-04-2023,937.5356931795246,1,2.0,572.6334164979063,68
648,ABC Shipping,08-04-2023,215.28617172958002,1,1.0,572.6334164979063,69
155,ABC Shipping,10-04-2023,754.4521627896772,1,2.0,572.6334164979063,70
503,ABC Shipping,16-04-2023,552.3094688170981,1,6.0,572.6334164979063,71
352,ABC Shipping,21-04-2023,738.1416355501894,1,5.0,572.6334164979063,72
936,ABC Shipping,24-04-2023,985.699287132848,1,3.0,572.6334164979063,73
136,ABC Shipping,25-04-2023,978.2787302372182,1,1.0,572.6334164979063,74
318,ABC Shipping,26-04-2023,622.1551323045991,1,1.0,572.6334164979063,75
63,ABC Shipping,27-04-2023,533.370116361295,1,1.0,572.6334164979063,76
384,ABC Shipping,29-04-2023,763.1863704497639,1,2.0,572.6334164979063,77
36,ABC Shipping,30-04-2023,477.75458523351006,1,1.0,572.6334164979063,78
633,ABC Shipping,30-04-2023,209.24777634346577,1,0.0,572.6334164979063,79
688,ABC Shipping,30-04-2023,631.3129214128955,1,0.0,572.6334164979063,80
38,ABC Shipping,01-05-2023,457.83495816651487,1,1.0,572.6334164979063,81
726,ABC Shipping,03-05-2023,503.7495678590883,1,2.0,572.6334164979063,82
771,ABC Shipping,05-05-2023,807.0864562722088,1,2.0,572.6334164979063,83
713,ABC Shipping,06-05-2023,104.70665218862146,1,1.0,572.6334164979063,84
890,ABC Shipping,07-05-2023,986.4906905267876,1,1.0,572.6334164979063,85
856,ABC Shipping,09-05-2023,874.1257240144914,1,2.0,572.6334164979063,86
776,ABC Shipping,10-05-2023,614.6850441044679,1,1.0,572.6334164979063,87
122,ABC Shipping,13-05-2023,172.1033617462076,1,3.0,572.6334164979063,88
378,ABC Shipping,13-05-2023,700.7949093623234,1,0.0,572.6334164979063,89
247,ABC Shipping,14-05-2023,126.97623088541016,1,1.0,572.6334164979063,90
288,ABC Shipping,15-05-2023,827.0613477471327,1,1.0,572.6334164979063,91
682,ABC Shipping,15-05-2023,836.0067968712506,1,0.0,572.6334164979063,92
533,ABC Shipping,16-05-2023,209.24644548018603,1,1.0,572.6334164979063,93
414,ABC Shipping,17-05-2023,303.9907620042892,1,1.0,572.6334164979063,94
617,ABC Shipping,17-05-2023,797.1881780630637,1,0.0,572.6334164979063,95
921,ABC Shipping,17-05-2023,985.1693254436999,1,0.0,572.6334164979063,96
650,ABC Shipping,19-05-2023,935.2752762934448,1,2.0,572.6334164979063,97
611,ABC Shipping,22-05-2023,110.89762771139871,1,3.0,572.6334164979063,98
162,ABC Shipping,23-05-2023,880.3283465102037,1,1.0,572.6334164979063,99
665,ABC Shipping,24-05-2023,861.8629048212503,1,1.0,572.6334164979063,100
149,ABC Shipping,04-06-2023,712.2054181881622,1,11.0,572.6334164979063,101
953,ABC Shipping,04-06-2023,586.71437948699,1,0.0,572.6334164979063,102
427,ABC Shipping,05-06-2023,702.5382596783711,1,1.0,572.6334164979063,103
656,ABC Shipping,05-06-2023,948.7682539702369,1,0.0,572.6334164979063,104
469,ABC Shipping,08-06-2023,374.97187959222117,1,3.0,572.6334164979063,105
894,ABC Shipping,08-06-2023,517.5382391310995,1,0.0,572.6334164979063,106
289,ABC Shipping,11-06-2023,786.0566212989542,1,3.0,572.6334164979063,107
293,ABC Shipping,13-06-2023,208.18814983354758,1,2.0,572.6334164979063,108
820,ABC Shipping,13-06-2023,158.82954180794673,1,0.0,572.6334164979063,109
933,ABC Shipping,18-06-2023,554.6860962189744,1,5.0,572.6334164979063,110
506,ABC Shipping,19-06-2023,430.7809800623783,1,1.0,572.6334164979063,111
582,ABC Shipping,22-06-2023,513.5020915653879,1,3.0,572.6334164979063,112
254,ABC Shipping,23-06-2023,705.3419064026136,1,1.0,572.6334164979063,113
489,ABC Shipping,23-06-2023,462.6821608886453,1,0.0,572.6334164979063,114
647,ABC Shipping,24-06-2023,690.8307465983523,1,1.0,572.6334164979063,115
843,ABC Shipping,24-06-2023,608.7972291144489,1,0.0,572.6334164979063,116
499,ABC Shipping,25-06-2023,538.3557269370424,1,1.0,572.6334164979063,117
705,ABC Shipping,25-06-2023,283.6320711660089,1,0.0,572.6334164979063,118
950,ABC Shipping,26-06-2023,268.670749687824,1,1.0,572.6334164979063,119
404,ABC Shipping,28-06-2023,215.5548605087127,1,2.0,572.6334164979063,120
962,ABC Shipping,29-06-2023,401.68724263378544,1,1.0,572.6334164979063,121
137,ABC Shipping,01-07-2023,403.20621259399616,1,2.0,572.6334164979063,122
880,ABC Shipping,01-07-2023,248.2357180890663,1,0.0,572.6334164979063,123
301,ABC Shipping,02-07-2023,503.8242603602776,1,1.0,572.6334164979063,124
68,ABC Shipping,03-07-2023,280.472254030303,1,1.0,572.6334164979063,125
545,ABC Shipping,03-07-2023,483.4750455013343,1,0.0,572.6334164979063,126
984,ABC Shipping,04-07-2023,257.3932934583635,1,1.0,572.6334164979063,127
646,ABC Shipping,06-07-2023,830.5928092811238,1,2.0,572.6334164979063,128
795,ABC Shipping,11-07-2023,534.6719848768197,1,5.0,572.6334164979063,129
947,ABC Shipping,11-07-2023,901.2322477160219,1,0.0,572.6334164979063,130
441,ABC Shipping,12-07-2023,505.3338426323666,1,1.0,572.6334164979063,131
306,ABC Shipping,13-07-2023,643.1037340432401,1,1.0,572.6334164979063,132
663,ABC Shipping,14-07-2023,834.3522450717555,1,1.0,572.6334164979063,133
765,ABC Shipping,17-07-2023,762.0968028152708,1,3.0,572.6334164979063,134
912,ABC Shipping,17-07-2023,923.5810615663389,1,0.0,572.6334164979063,135
495,ABC Shipping,18-07-2023,840.2325072709249,1,1.0,572.6334164979063,136
302,ABC Shipping,19-07-2023,313.7897177868947,1,1.0,572.6334164979063,137
874,ABC Shipping,19-07-2023,825.7632555095555,1,0.0,572.6334164979063,138
359,ABC Shipping,20-07-2023,595.2038879406356,1,1.0,572.6334164979063,139
375,ABC Shipping,20-07-2023,347.32543199332247,1,0.0,572.6334164979063,140
179,ABC Shipping,21-07-2023,918.1292685990769,1,1.0,572.6334164979063,141
462,ABC Shipping,23-07-2023,132.5443424722859,1,2.0,572.6334164979063,142
125,ABC Shipping,24-07-2023,835.5679929662443,1,1.0,572.6334164979063,143
810,ABC Shipping,26-07-2023,151.3492490361289,1,2.0,572.6334164979063,144
831,ABC Shipping,28-07-2023,697.4107175580302,1,2.0,572.6334164979063,145
777,ABC Shipping,29-07-2023,628.9924247759784,1,1.0,572.6334164979063,146
204,ABC Shipping,02-08-2023,252.78211457878666,1,4.0,572.6334164979063,147
671,ABC Shipping,03-08-2023,755.6416094454519,1,1.0,572.6334164979063,148
531,ABC Shipping,04-08-2023,315.26209379433305,1,1.0,572.6334164979063,149
132,ABC Shipping,05-08-2023,322.39291060913183,1,1.0,572.6334164979063,150
134,ABC Shipping,05-08-2023,884.6052099329816,1,0.0,572.6334164979063,151
492,ABC Shipping,08-08-2023,411.489753884007,1,3.0,572.6334164979063,152
744,ABC Shipping,10-08-2023,604.5940849745539,1,2.0,572.6334164979063,153
625,ABC Shipping,11-08-2023,118.85046492782153,1,1.0,572.6334164979063,154
58,ABC Shipping,15-08-2023,218.1203899141488,1,4.0,572.6334164979063,155
117,ABC Shipping,15-08-2023,883.8722113714771,1,0.0,572.6334164979063,156
967,ABC Shipping,16-08-2023,315.8867014803502,1,1.0,572.6334164979063,157
3,ABC Shipping,22-08-2023,623.953414158646,1,6.0,572.6334164979063,158
455,ABC Shipping,24-08-2023,661.2271192024838,1,2.0,572.6334164979063,159
634,ABC Shipping,25-08-2023,653.51167123498,1,1.0,572.6334164979063,160
867,ABC Shipping,25-08-2023,702.1201035961975,1,0.0,572.6334164979063,161
31,ABC Shipping,27-08-2023,345.9335742983884,1,2.0,572.6334164979063,162
75,ABC Shipping,01-09-2023,509.6981341736211,1,5.0,572.6334164979063,163
534,ABC Shipping,01-09-2023,372.947632810836,1,0.0,572.6334164979063,164
601,ABC Shipping,01-09-2023,566.5672197506836,1,0.0,572.6334164979063,165
263,ABC Shipping,02-09-2023,656.0625161810924,1,1.0,572.6334164979063,166
770,ABC Shipping,02-09-2023,672.5596282374095,1,0.0,572.6334164979063,167
803,ABC Shipping,06-09-2023,243.0173509024182,1,4.0,572.6334164979063,168
881,ABC Shipping,06-09-2023,397.1935583843478,1,0.0,572.6334164979063,169
261,ABC Shipping,08-09-2023,714.9232254606812,1,2.0,572.6334164979063,170
337,ABC Shipping,08-09-2023,331.09891094845716,1,0.0,572.6334164979063,171
210,ABC Shipping,10-09-2023,655.4304879436271,1,2.0,572.6334164979063,172
685,ABC Shipping,11-09-2023,856.63272521008,1,1.0,572.6334164979063,173
230,ABC Shipping,15-09-2023,506.9791254550918,1,4.0,572.6334164979063,174
199,ABC Shipping,18-09-2023,217.78629464651485,1,3.0,572.6334164979063,175
813,ABC Shipping,18-09-2023,322.2809191647998,1,0.0,572.6334164979063,176
16,ABC Shipping,21-09-2023,539.7788713641992,1,3.0,572.6334164979063,177
997,ABC Shipping,21-09-2023,944.4743366036344,1,0.0,572.6334164979063,178
853,ABC Shipping,22-09-2023,605.1005094542725,1,1.0,572.6334164979063,179
808,ABC Shipping,24-09-2023,960.9531589751122,1,2.0,572.6334164979063,180
759,ABC Shipping,29-09-2023,232.70727403565556,1,5.0,572.6334164979063,181
797,ABC Shipping,30-09-2023,172.54136238141217,1,1.0,572.6334164979063,182
88,ABC Shipping,01-10-2023,317.8405142762747,1,1.0,572.6334164979063,183
8,ABC Shipping,02-10-2023,976.1400722596572,1,1.0,572.6334164979063,184
966,ABC Shipping,07-10-2023,190.57373067118,1,5.0,572.6334164979063,185
846,ABC Shipping,09-10-2023,647.6745454268199,1,2.0,572.6334164979063,186
862,ABC Shipping,11-10-2023,512.4705773757908,1,2.0,572.6334164979063,187
229,ABC Shipping,13-10-2023,209.8989226090241,1,2.0,572.6334164979063,188
739,ABC Shipping,13-10-2023,532.8756008975114,1,0.0,572.6334164979063,189
799,ABC Shipping,18-10-2023,546.8150371197698,1,5.0,572.6334164979063,190
942,ABC Shipping,18-10-2023,246.0100652042314,1,0.0,572.6334164979063,191
772,ABC Shipping,22-10-2023,206.50257183104858,1,4.0,572.6334164979063,192
801,ABC Shipping,23-10-2023,756.5574057871571,1,1.0,572.6334164979063,193
725,ABC Shipping,24-10-2023,431.4785774561635,1,1.0,572.6334164979063,194
244,ABC Shipping,26-10-2023,539.9619222312282,1,2.0,572.6334164979063,195
627,ABC Shipping,27-10-2023,971.0740313605274,1,1.0,572.6334164979063,196
159,ABC Shipping,31-10-2023,433.9348866861424,1,4.0,572.6334164979063,197
417,ABC Shipping,31-10-2023,567.1538118174433,1,0.0,572.6334164979063,198
913,ABC Shipping,02-11-2023,579.725980521526,1,2.0,572.6334164979063,199
60,ABC Shipping,06-11-2023,928.7630630341182,1,4.0,572.6334164979063,200
380,ABC Shipping,07-11-2023,661.4733922089157,1,1.0,572.6334164979063,201
385,ABC Shipping,07-11-2023,876.5173697889057,1,0.0,572.6334164979063,202
930,ABC Shipping,07-11-2023,175.11767649044498,1,0.0,572.6334164979063,203
416,ABC Shipping,10-11-2023,162.48145847148402,1,3.0,572.6334164979063,204
781,ABC Shipping,11-11-2023,123.57703767885832,1,1.0,572.6334164979063,205
832,ABC Shipping,11-11-2023,967.0549907921953,1,0.0,572.6334164979063,206
835,ABC Shipping,13-11-2023,147.0320913574214,1,2.0,572.6334164979063,207
353,ABC Shipping,14-11-2023,196.18923078526944,1,1.0,572.6334164979063,208
213,ABC Shipping,18-11-2023,250.8572946594859,1,4.0,572.6334164979063,209
279,ABC Shipping,18-11-2023,466.2171646505835,1,0.0,572.6334164979063,210
573,ABC Shipping,20-11-2023,859.9213744656544,1,2.0,572.6334164979063,211
181,ABC Shipping,21-11-2023,313.7889924314899,1,1.0,572.6334164979063,212
591,ABC Shipping,21-11-2023,856.7844214833303,1,0.0,572.6334164979063,213
733,ABC Shipping,21-11-2023,102.89643724385081,1,0.0,572.6334164979063,214
468,ABC Shipping,27-11-2023,598.4220166411387,1,6.0,572.6334164979063,215
669,ABC Shipping,28-11-2023,514.485547546726,1,1.0,572.6334164979063,216
39,ABC Shipping,29-11-2023,346.793682113803,1,1.0,572.6334164979063,217
255,ABC Shipping,29-11-2023,499.375197374114,1,0.0,572.6334164979063,218
577,ABC Shipping,29-11-2023,392.20833420105396,1,0.0,572.6334164979063,219
732,ABC Shipping,29-11-2023,726.0563318471262,1,0.0,572.6334164979063,220
793,ABC Shipping,29-11-2023,822.3789788161394,1,0.0,572.6334164979063,221
193,ABC Shipping,30-11-2023,451.9733829865846,1,1.0,572.6334164979063,222
471,ABC Shipping,01-12-2023,502.4822864543521,1,1.0,572.6334164979063,223
553,ABC Shipping,01-12-2023,760.2529425052618,1,0.0,572.6334164979063,224
654,ABC Shipping,01-12-2023,495.46449072500695,1,0.0,572.6334164979063,225
767,ABC Shipping,03-12-2023,939.8019982092019,1,2.0,572.6334164979063,226
322,ABC Shipping,06-12-2023,831.6871648444841,1,3.0,572.6334164979063,227
332,ABC Shipping,08-12-2023,154.24065126060475,1,2.0,572.6334164979063,228
389,ABC Shipping,10-12-2023,677.7743503989394,1,2.0,572.6334164979063,229
555,ABC Shipping,11-12-2023,109.92813798578248,1,1.0,572.6334164979063,230
923,ABC Shipping,11-12-2023,281.814101562241,1,0.0,572.6334164979063,231
443,ABC Shipping,12-12-2023,412.81437181508386,1,1.0,572.6334164979063,232
637,ABC Shipping,14-12-2023,577.2719199242424,1,2.0,572.6334164979063,233
299,ABC Shipping,21-12-2023,725.920486020876,1,7.0,572.6334164979063,234
100,ABC Shipping,23-12-2023,129.8827979122299,1,2.0,572.6334164979063,235
275,ABC Shipping,23-12-2023,692.0607741427324,1,0.0,572.6334164979063,236
934,ABC Shipping,24-12-2023,970.4139537332534,1,1.0,572.6334164979063,237
502,ABC Shipping,25-12-2023,257.35476453437127,1,1.0,572.6334164979063,238
738,ABC Shipping,27-12-2023,629.3820402535515,1,2.0,572.6334164979063,239
816,ABC Shipping,28-12-2023,344.7547535157679,1,1.0,572.6334164979063,240
83,ABC Shipping,29-12-2023,874.1101574702841,1,1.0,572.6334164979063,241
32,ABC Shipping,30-12-2023,955.7772060253693,1,1.0,572.6334164979063,242
493,ABC Shipping,01-01-2024,978.0491807739234,1,2.0,572.6334164979063,243
838,ABC Shipping,01-01-2024,757.7388684826568,1,0.0,572.6334164979063,244
945,ABC Shipping,02-01-2024,574.6596599104087,1,1.0,572.6334164979063,245
431,ABC Shipping,03-01-2024,757.5854592153215,1,1.0,572.6334164979063,246
166,ABC Shipping,07-01-2024,538.0020472822325,1,4.0,572.6334164979063,247
249,ABC Shipping,07-01-2024,734.212686462982,1,0.0,572.6334164979063,248
252,ABC Shipping,07-01-2024,972.9208414965434,1,0.0,572.6334164979063,249
133,ABC Shipping,09-01-2024,243.5902121018695,1,2.0,572.6334164979063,250
996,ABC Shipping,09-01-2024,687.8465114781548,1,0.0,572.6334164979063,251
887,ABC Shipping,14-01-2024,883.5205825414063,1,5.0,572.6334164979063,252
511,ABC Shipping,17-01-2024,594.5765823055153,1,3.0,572.6334164979063,253
433,ABC Shipping,20-01-2024,154.1281083407067,1,3.0,572.6334164979063,254
961,ABC Shipping,20-01-2024,845.4243271934965,1,0.0,572.6334164979063,255
485,ABC Shipping,21-01-2024,825.332860105859,1,1.0,572.6334164979063,256
400,ABC Shipping,22-01-2024,485.3796534330533,1,1.0,572.6334164979063,257
703,ABC Shipping,22-01-2024,461.3448842751594,1,0.0,572.6334164979063,258
55,LMN Maritime,23-01-2023,860.3049053051989,0,0.0,522.2360785900436,1
148,LMN Maritime,23-01-2023,279.5882058362306,1,0.0,522.2360785900436,2
328,LMN Maritime,23-01-2023,682.7272427391428,1,0.0,522.2360785900436,3
195,LMN Maritime,25-01-2023,332.3200894310148,1,2.0,522.2360785900436,4
629,LMN Maritime,26-01-2023,792.3008330543203,1,1.0,522.2360785900436,5
787,LMN Maritime,26-01-2023,946.6113206038065,1,0.0,522.2360785900436,6
391,LMN Maritime,27-01-2023,592.027671442663,1,1.0,522.2360785900436,7
40,LMN Maritime,28-01-2023,985.5798831638454,1,1.0,522.2360785900436,8
194,LMN Maritime,29-01-2023,972.4710901017588,1,1.0,522.2360785900436,9
620,LMN Maritime,31-01-2023,256.6984018006759,1,2.0,522.2360785900436,10
869,LMN Maritime,31-01-2023,470.58898742605766,1,0.0,522.2360785900436,11
899,LMN Maritime,31-01-2023,691.1020942518646,1,0.0,522.2360785900436,12
13,LMN Maritime,01-02-2023,122.12822481292136,1,1.0,522.2360785900436,13
303,LMN Maritime,01-02-2023,435.9266124664061,1,0.0,522.2360785900436,14
151,LMN Maritime,03-02-2023,127.58725198522546,1,2.0,522.2360785900436,15
972,LMN Maritime,04-02-2023,686.0328263935068,1,1.0,522.2360785900436,16
191,LMN Maritime,05-02-2023,633.6557662914347,1,1.0,522.2360785900436,17
619,LMN Maritime,05-02-2023,266.67601108072114,1,0.0,522.2360785900436,18
203,LMN Maritime,06-02-2023,166.1470725970114,1,1.0,522.2360785900436,19
403,LMN Maritime,06-02-2023,992.1303943319695,1,0.0,522.2360785900436,20
527,LMN Maritime,09-02-2023,995.3796854527905,1,3.0,522.2360785900436,21
526,LMN Maritime,10-02-2023,152.3474159549282,1,1.0,522.2360785900436,22
146,LMN Maritime,13-02-2023,977.3138459321049,1,3.0,522.2360785900436,23
214,LMN Maritime,16-02-2023,133.00428424018867,1,3.0,522.2360785900436,24
745,LMN Maritime,16-02-2023,643.1388999368094,1,0.0,522.2360785900436,25
653,LMN Maritime,18-02-2023,488.8691946497764,1,2.0,522.2360785900436,26
101,LMN Maritime,21-02-2023,170.72064743951867,1,3.0,522.2360785900436,27
61,LMN Maritime,25-02-2023,654.9852830686642,1,4.0,522.2360785900436,28
154,LMN Maritime,25-02-2023,881.4452548675424,1,0.0,522.2360785900436,29
796,LMN Maritime,25-02-2023,220.1319751743494,1,0.0,522.2360785900436,30
327,LMN Maritime,26-02-2023,106.8065874803279,1,1.0,522.2360785900436,31
586,LMN Maritime,27-02-2023,808.2130476297656,1,1.0,522.2360785900436,32
697,LMN Maritime,27-02-2023,515.4017269778109,1,0.0,522.2360785900436,33
317,LMN Maritime,01-03-2023,458.94050280721046,1,2.0,522.2360785900436,34
905,LMN Maritime,01-03-2023,570.9966680752672,1,0.0,522.2360785900436,35
65,LMN Maritime,02-03-2023,212.66721298229538,1,1.0,522.2360785900436,36
260,LMN Maritime,03-03-2023,950.1527975266209,1,1.0,522.2360785900436,37
900,LMN Maritime,03-03-2023,839.892844540203,1,0.0,522.2360785900436,38
727,LMN Maritime,07-03-2023,749.8638443824633,1,4.0,522.2360785900436,39
955,LMN Maritime,08-03-2023,382.9151018653736,1,1.0,522.2360785900436,40
161,LMN Maritime,10-03-2023,136.09827227123424,1,2.0,522.2360785900436,41
169,LMN Maritime,11-03-2023,479.5488341861099,1,1.0,522.2360785900436,42
501,LMN Maritime,12-03-2023,788.3288208126959,1,1.0,522.2360785900436,43
563,LMN Maritime,14-03-2023,293.6816848155138,1,2.0,522.2360785900436,44
466,LMN Maritime,18-03-2023,178.87847208745467,1,4.0,522.2360785900436,45
689,LMN Maritime,18-03-2023,557.524492224652,1,0.0,522.2360785900436,46
924,LMN Maritime,19-03-2023,265.8023553142235,1,1.0,522.2360785900436,47
731,LMN Maritime,20-03-2023,471.3596567637614,1,1.0,522.2360785900436,48
833,LMN Maritime,24-03-2023,604.1513651156578,1,4.0,522.2360785900436,49
347,LMN Maritime,25-03-2023,209.69748400325278,1,1.0,522.2360785900436,50
876,LMN Maritime,25-03-2023,146.76091979884157,1,0.0,522.2360785900436,51
475,LMN Maritime,26-03-2023,547.2671346152472,1,1.0,522.2360785900436,52
497,LMN Maritime,26-03-2023,875.8130340453603,1,0.0,522.2360785900436,53
851,LMN Maritime,26-03-2023,325.8699952062682,1,0.0,522.2360785900436,54
220,LMN Maritime,30-03-2023,626.8189279570769,1,4.0,522.2360785900436,55
562,LMN Maritime,30-03-2023,581.7791183073325,1,0.0,522.2360785900436,56
827,LMN Maritime,05-04-2023,469.9860423406359,1,6.0,522.2360785900436,57
85,LMN Maritime,07-04-2023,135.65694281352143,1,2.0,522.2360785900436,58
53,LMN Maritime,10-04-2023,798.9371675125676,1,3.0,522.2360785900436,59
346,LMN Maritime,10-04-2023,472.19419137281636,1,0.0,522.2360785900436,60
570,LMN Maritime,10-04-2023,198.76257880975317,1,0.0,522.2360785900436,61
736,LMN Maritime,12-04-2023,814.7775981493759,1,2.0,522.2360785900436,62
741,LMN Maritime,13-04-2023,158.3682350346715,1,1.0,522.2360785900436,63
9,LMN Maritime,14-04-2023,971.9900697571223,1,1.0,522.2360785900436,64
964,LMN Maritime,14-04-2023,740.8126182977027,1,0.0,522.2360785900436,65
211,LMN Maritime,18-04-2023,736.0994951969012,1,4.0,522.2360785900436,66
388,LMN Maritime,18-04-2023,121.27472744170277,1,0.0,522.2360785900436,67
758,LMN Maritime,18-04-2023,496.1790981599415,1,0.0,522.2360785900436,68
569,LMN Maritime,20-04-2023,539.0686395337261,1,2.0,522.2360785900436,69
292,LMN Maritime,22-04-2023,836.0507945575195,1,2.0,522.2360785900436,70
909,LMN Maritime,22-04-2023,671.1241757952733,1,0.0,522.2360785900436,71
449,LMN Maritime,24-04-2023,237.1744119973757,1,2.0,522.2360785900436,72
319,LMN Maritime,27-04-2023,580.2422920541906,1,3.0,522.2360785900436,73
564,LMN Maritime,29-04-2023,110.90869717950395,1,2.0,522.2360785900436,74
459,LMN Maritime,03-05-2023,843.4608672272756,1,4.0,522.2360785900436,75
722,LMN Maritime,04-05-2023,375.04379394119337,1,1.0,522.2360785900436,76
86,LMN Maritime,05-05-2023,532.456252532046,1,1.0,522.2360785900436,77
356,LMN Maritime,06-05-2023,966.6341877138218,1,1.0,522.2360785900436,78
369,LMN Maritime,06-05-2023,469.9256228260342,1,0.0,522.2360785900436,79
370,LMN Maritime,06-05-2023,855.8751725800483,1,0.0,522.2360785900436,80
439,LMN Maritime,06-05-2023,582.2449160257731,1,0.0,522.2360785900436,81
222,LMN Maritime,11-05-2023,285.25708903309146,1,5.0,522.2360785900436,82
395,LMN Maritime,20-05-2023,547.0901729732525,1,9.0,522.2360785900436,83
20,LMN Maritime,21-05-2023,346.2639996534993,1,1.0,522.2360785900436,84
572,LMN Maritime,22-05-2023,508.9396011039648,1,1.0,522.2360785900436,85
883,LMN Maritime,22-05-2023,567.4472735535436,1,0.0,522.2360785900436,86
139,LMN Maritime,24-05-2023,810.7286564282313,1,2.0,522.2360785900436,87
392,LMN Maritime,25-05-2023,308.7523865043779,1,1.0,522.2360785900436,88
892,LMN Maritime,25-05-2023,124.45067910300384,1,0.0,522.2360785900436,89
904,LMN Maritime,26-05-2023,283.3898132149202,1,1.0,522.2360785900436,90
360,LMN Maritime,27-05-2023,139.07127956933726,1,1.0,522.2360785900436,91
212,LMN Maritime,28-05-2023,250.33771711085487,1,1.0,522.2360785900436,92
182,LMN Maritime,29-05-2023,974.2555846374756,1,1.0,522.2360785900436,93
447,LMN Maritime,29-05-2023,311.1778736699082,1,0.0,522.2360785900436,94
541,LMN Maritime,02-06-2023,653.6974944079097,1,4.0,522.2360785900436,95
780,LMN Maritime,02-06-2023,401.06015986773895,1,0.0,522.2360785900436,96
270,LMN Maritime,05-06-2023,294.1076371579454,1,3.0,522.2360785900436,97
256,LMN Maritime,08-06-2023,881.3280289397549,1,3.0,522.2360785900436,98
516,LMN Maritime,12-06-2023,495.56051976961913,1,4.0,522.2360785900436,99
800,LMN Maritime,12-06-2023,493.1656323536616,1,0.0,522.2360785900436,100
748,LMN Maritime,14-06-2023,342.8386481153929,1,2.0,522.2360785900436,101
1,LMN Maritime,16-06-2023,737.3548797807534,1,2.0,522.2360785900436,102
51,LMN Maritime,16-06-2023,266.972964132809,1,0.0,522.2360785900436,103
215,LMN Maritime,16-06-2023,762.7618135590765,1,0.0,522.2360785900436,104
366,LMN Maritime,16-06-2023,305.2717947540392,1,0.0,522.2360785900436,105
638,LMN Maritime,17-06-2023,137.75610108847263,1,1.0,522.2360785900436,106
849,LMN Maritime,19-06-2023,236.1221458614411,1,2.0,522.2360785900436,107
124,LMN Maritime,22-06-2023,592.8331385383626,1,3.0,522.2360785900436,108
365,LMN Maritime,24-06-2023,895.785817013567,1,2.0,522.2360785900436,109
473,LMN Maritime,25-06-2023,564.111484926848,1,1.0,522.2360785900436,110
630,LMN Maritime,25-06-2023,662.1972119688375,1,0.0,522.2360785900436,111
135,LMN Maritime,26-06-2023,297.2925886222399,1,1.0,522.2360785900436,112
974,LMN Maritime,26-06-2023,417.137451948689,1,0.0,522.2360785900436,113
821,LMN Maritime,29-06-2023,538.8140743060459,1,3.0,522.2360785900436,114
960,LMN Maritime,01-07-2023,544.7912025252699,1,2.0,522.2360785900436,115
790,LMN Maritime,02-07-2023,885.4572254361417,1,1.0,522.2360785900436,116
48,LMN Maritime,06-07-2023,877.9224248556734,1,4.0,522.2360785900436,117
343,LMN Maritime,06-07-2023,649.3004049798266,1,0.0,522.2360785900436,118
535,LMN Maritime,07-07-2023,190.94122990958203,1,1.0,522.2360785900436,119
658,LMN Maritime,09-07-2023,209.35123867082626,1,2.0,522.2360785900436,120
782,LMN Maritime,12-07-2023,121.77258750221972,1,3.0,522.2360785900436,121
411,LMN Maritime,14-07-2023,904.7717871977064,1,2.0,522.2360785900436,122
908,LMN Maritime,17-07-2023,619.8340292930418,1,3.0,522.2360785900436,123
505,LMN Maritime,18-07-2023,231.7365929460242,1,1.0,522.2360785900436,124
818,LMN Maritime,18-07-2023,504.765858205486,1,0.0,522.2360785900436,125
487,LMN Maritime,20-07-2023,374.2112251882367,1,2.0,522.2360785900436,126
946,LMN Maritime,22-07-2023,747.4182601322427,1,2.0,522.2360785900436,127
575,LMN Maritime,23-07-2023,539.4170233196004,1,1.0,522.2360785900436,128
922,LMN Maritime,27-07-2023,226.64037524388257,1,4.0,522.2360785900436,129
192,LMN Maritime,28-07-2023,247.1714853265205,1,1.0,522.2360785900436,130
683,LMN Maritime,28-07-2023,292.16022967960475,1,0.0,522.2360785900436,131
588,LMN Maritime,29-07-2023,719.321235477888,1,1.0,522.2360785900436,132
951,LMN Maritime,29-07-2023,872.3593478414476,1,0.0,522.2360785900436,133
1000,LMN Maritime,02-08-2023,809.6026089279688,1,4.0,522.2360785900436,134
387,LMN Maritime,06-08-2023,186.14309996814555,1,4.0,522.2360785900436,135
11,LMN Maritime,07-08-2023,217.07761611756877,1,1.0,522.2360785900436,136
41,LMN Maritime,07-08-2023,468.40060568353874,1,0.0,522.2360785900436,137
245,LMN Maritime,08-08-2023,700.1778317914939,1,1.0,522.2360785900436,138
844,LMN Maritime,09-08-2023,517.5392380195026,1,1.0,522.2360785900436,139
81,LMN Maritime,17-08-2023,362.4963208383729,1,8.0,522.2360785900436,140
180,LMN Maritime,17-08-2023,261.71479798321775,1,0.0,522.2360785900436,141
616,LMN Maritime,19-08-2023,414.7329067712646,1,2.0,522.2360785900436,142
184,LMN Maritime,24-08-2023,868.9465840326212,1,5.0,522.2360785900436,143
188,LMN Maritime,26-08-2023,500.77472950239894,1,2.0,522.2360785900436,144
711,LMN Maritime,27-08-2023,805.4126060368575,1,1.0,522.2360785900436,145
657,LMN Maritime,29-08-2023,316.62344064925446,1,2.0,522.2360785900436,146
4,LMN Maritime,30-08-2023,411.29475125766106,1,1.0,522.2360785900436,147
286,LMN Maritime,04-09-2023,394.32984540691484,1,5.0,522.2360785900436,148
857,LMN Maritime,05-09-2023,750.5328728876353,1,1.0,522.2360785900436,149
700,LMN Maritime,06-09-2023,753.8155436017043,1,1.0,522.2360785900436,150
221,LMN Maritime,12-09-2023,881.4441524619327,1,6.0,522.2360785900436,151
812,LMN Maritime,15-09-2023,335.53511536231537,1,3.0,522.2360785900436,152
350,LMN Maritime,16-09-2023,263.2945129260643,1,1.0,522.2360785900436,153
5,LMN Maritime,19-09-2023,658.8239659907294,1,3.0,522.2360785900436,154
860,LMN Maritime,20-09-2023,589.1843956083815,1,1.0,522.2360785900436,155
415,LMN Maritime,22-09-2023,419.4966752487436,1,2.0,522.2360785900436,156
257,LMN Maritime,26-09-2023,259.43481050264734,1,4.0,522.2360785900436,157
798,LMN Maritime,26-09-2023,755.1453762763887,1,0.0,522.2360785900436,158
178,LMN Maritime,02-10-2023,744.2424682138798,1,6.0,522.2360785900436,159
79,LMN Maritime,04-10-2023,531.9449512454112,1,2.0,522.2360785900436,160
59,LMN Maritime,09-10-2023,129.2735615421267,1,5.0,522.2360785900436,161
598,LMN Maritime,10-10-2023,673.0027139504866,1,1.0,522.2360785900436,162
115,LMN Maritime,11-10-2023,587.1667017709634,1,1.0,522.2360785900436,163
931,LMN Maritime,11-10-2023,894.1747315666048,1,0.0,522.2360785900436,164
538,LMN Maritime,13-10-2023,558.4799153348108,1,2.0,522.2360785900436,165
543,LMN Maritime,15-10-2023,661.5062526624746,1,2.0,522.2360785900436,166
456,LMN Maritime,16-10-2023,180.21198890441497,1,1.0,522.2360785900436,167
747,LMN Maritime,17-10-2023,824.4900997126928,1,1.0,522.2360785900436,168
338,LMN Maritime,19-10-2023,356.3856117657306,1,2.0,522.2360785900436,169
760,LMN Maritime,19-10-2023,395.3734782483804,1,0.0,522.2360785900436,170
811,LMN Maritime,21-10-2023,353.96836722388014,1,2.0,522.2360785900436,171
315,LMN Maritime,22-10-2023,407.1230448635407,1,1.0,522.2360785900436,172
200,LMN Maritime,23-10-2023,972.8389405706903,1,1.0,522.2360785900436,173
284,LMN Maritime,24-10-2023,890.6640051712131,1,1.0,522.2360785900436,174
607,LMN Maritime,29-10-2023,176.31281444122288,1,5.0,522.2360785900436,175
623,LMN Maritime,30-10-2023,787.9353959995624,1,1.0,522.2360785900436,176
496,LMN Maritime,03-11-2023,219.27220546766358,1,4.0,522.2360785900436,177
522,LMN Maritime,03-11-2023,236.8223678157833,1,0.0,522.2360785900436,178
524,LMN Maritime,04-11-2023,802.6854274615959,1,1.0,522.2360785900436,179
242,LMN Maritime,07-11-2023,509.26587007047317,1,3.0,522.2360785900436,180
341,LMN Maritime,09-11-2023,585.245149007729,1,2.0,522.2360785900436,181
717,LMN Maritime,09-11-2023,282.2325041487137,1,0.0,522.2360785900436,182
173,LMN Maritime,10-11-2023,289.5959701050999,1,1.0,522.2360785900436,183
824,LMN Maritime,11-11-2023,915.7937080099698,1,1.0,522.2360785900436,184
201,LMN Maritime,12-11-2023,508.41058724527534,1,1.0,522.2360785900436,185
970,LMN Maritime,13-11-2023,505.31588101487137,1,1.0,522.2360785900436,186
157,LMN Maritime,19-11-2023,482.94400100326783,1,6.0,522.2360785900436,187
837,LMN Maritime,20-11-2023,334.14201186584603,1,1.0,522.2360785900436,188
12,LMN Maritime,21-11-2023,782.4368763361203,1,1.0,522.2360785900436,189
728,LMN Maritime,23-11-2023,897.576202418567,1,2.0,522.2360785900436,190
662,LMN Maritime,27-11-2023,357.31611031524415,1,4.0,522.2360785900436,191
14,LMN Maritime,30-11-2023,119.91119637609754,1,3.0,522.2360785900436,192
858,LMN Maritime,01-12-2023,160.9015257100014,1,1.0,522.2360785900436,193
956,LMN Maritime,02-12-2023,524.0511090395332,1,1.0,522.2360785900436,194
239,LMN Maritime,03-12-2023,956.630606880915,1,1.0,522.2360785900436,195
440,LMN Maritime,04-12-2023,187.00880468204764,1,1.0,522.2360785900436,196
911,LMN Maritime,04-12-2023,456.37342539620937,1,0.0,522.2360785900436,197
168,LMN Maritime,07-12-2023,910.6316776101327,1,3.0,522.2360785900436,198
312,LMN Maritime,07-12-2023,567.1736066225963,1,0.0,522.2360785900436,199
265,LMN Maritime,10-12-2023,613.5487719749467,1,3.0,522.2360785900436,200
891,LMN Maritime,11-12-2023,794.8112286789914,1,1.0,522.2360785900436,201
147,LMN Maritime,14-12-2023,685.2931177122432,1,3.0,522.2360785900436,202
513,LMN Maritime,15-12-2023,489.24809049711877,1,1.0,522.2360785900436,203
334,LMN Maritime,16-12-2023,416.460418515671,1,1.0,522.2360785900436,204
446,LMN Maritime,16-12-2023,934.4600375315074,1,0.0,522.2360785900436,205
766,LMN Maritime,16-12-2023,998.5127602536546,1,0.0,522.2360785900436,206
314,LMN Maritime,17-12-2023,123.07785922579211,1,1.0,522.2360785900436,207
110,LMN Maritime,18-12-2023,672.787224589273,1,1.0,522.2360785900436,208
424,LMN Maritime,18-12-2023,579.6620078962018,1,0.0,522.2360785900436,209
855,LMN Maritime,18-12-2023,203.29198468229572,1,0.0,522.2360785900436,210
250,LMN Maritime,19-12-2023,281.66810691065353,1,1.0,522.2360785900436,211
841,LMN Maritime,21-12-2023,688.757141326667,1,2.0,522.2360785900436,212
269,LMN Maritime,23-12-2023,708.8620471995218,1,2.0,522.2360785900436,213
345,LMN Maritime,27-12-2023,345.3616006601804,1,4.0,522.2360785900436,214
112,LMN Maritime,28-12-2023,128.42753034307782,1,1.0,522.2360785900436,215
508,LMN Maritime,30-12-2023,123.2307162545383,1,2.0,522.2360785900436,216
605,LMN Maritime,30-12-2023,712.205001287518,1,0.0,522.2360785900436,217
829,LMN Maritime,01-01-2024,909.8500111185452,1,2.0,522.2360785900436,218
152,LMN Maritime,03-01-2024,331.91459966009234,1,2.0,522.2360785900436,219
460,LMN Maritime,03-01-2024,803.8252789033473,1,0.0,522.2360785900436,220
62,LMN Maritime,05-01-2024,816.8835618785587,1,2.0,522.2360785900436,221
550,LMN Maritime,06-01-2024,430.98341578956064,1,1.0,522.2360785900436,222
42,LMN Maritime,08-01-2024,904.689283311221,1,2.0,522.2360785900436,223
926,LMN Maritime,11-01-2024,688.8632970924657,1,3.0,522.2360785900436,224
177,LMN Maritime,12-01-2024,218.41091661453382,1,1.0,522.2360785900436,225
298,LMN Maritime,13-01-2024,456.55542244832986,1,1.0,522.2360785900436,226
965,LMN Maritime,13-01-2024,843.3803914372736,1,0.0,522.2360785900436,227
651,LMN Maritime,19-01-2024,302.15405065946675,1,6.0,522.2360785900436,228
670,LMN Maritime,20-01-2024,857.7986976010554,1,1.0,522.2360785900436,229
606,LMN Maritime,21-01-2024,137.50561054214583,1,1.0,522.2360785900436,230
189,LMN Maritime,22-01-2024,563.3356185367212,1,1.0,522.2360785900436,231
854,LMN Maritime,23-01-2024,571.0518202369299,1,1.0,522.2360785900436,232
819,PQR Logistics,25-01-2023,799.0395012596631,0,0.0,560.2969939748921,1
268,PQR Logistics,26-01-2023,720.574075928405,1,1.0,560.2969939748921,2
19,PQR Logistics,27-01-2023,501.3124357390735,1,1.0,560.2969939748921,3
234,PQR Logistics,28-01-2023,137.41557314535288,1,1.0,560.2969939748921,4
952,PQR Logistics,29-01-2023,837.1571624754905,1,1.0,560.2969939748921,5
175,PQR Logistics,30-01-2023,668.4041980832685,1,1.0,560.2969939748921,6
839,PQR Logistics,02-02-2023,983.167381447522,1,3.0,560.2969939748921,7
734,PQR Logistics,03-02-2023,657.6304037138566,1,1.0,560.2969939748921,8
307,PQR Logistics,04-02-2023,701.3915186995147,1,1.0,560.2969939748921,9
377,PQR Logistics,06-02-2023,481.3644282838865,1,2.0,560.2969939748921,10
645,PQR Logistics,08-02-2023,773.2658614865788,1,2.0,560.2969939748921,11
709,PQR Logistics,08-02-2023,269.2222611538745,1,0.0,560.2969939748921,12
977,PQR Logistics,08-02-2023,981.194444213639,1,0.0,560.2969939748921,13
46,PQR Logistics,14-02-2023,686.5001428382966,1,6.0,560.2969939748921,14
715,PQR Logistics,16-02-2023,131.78021944621517,1,2.0,560.2969939748921,15
751,PQR Logistics,17-02-2023,169.35245122089805,1,1.0,560.2969939748921,16
806,PQR Logistics,20-02-2023,776.2375774261411,1,3.0,560.2969939748921,17
259,PQR Logistics,22-02-2023,854.3037606832992,1,2.0,560.2969939748921,18
383,PQR Logistics,01-03-2023,251.21278697037707,1,7.0,560.2969939748921,19
208,PQR Logistics,02-03-2023,487.79877129562533,1,1.0,560.2969939748921,20
371,PQR Logistics,02-03-2023,910.02081105821,1,0.0,560.2969939748921,21
716,PQR Logistics,02-03-2023,771.1604044581089,1,0.0,560.2969939748921,22
621,PQR Logistics,03-03-2023,188.55608474205758,1,1.0,560.2969939748921,23
643,PQR Logistics,04-03-2023,641.6934306726899,1,1.0,560.2969939748921,24
232,PQR Logistics,05-03-2023,384.54049447907545,1,1.0,560.2969939748921,25
351,PQR Logistics,05-03-2023,572.6470453003542,1,0.0,560.2969939748921,26
376,PQR Logistics,05-03-2023,840.3528866623105,1,0.0,560.2969939748921,27
714,PQR Logistics,05-03-2023,784.8916840252845,1,0.0,560.2969939748921,28
6,PQR Logistics,09-03-2023,141.16783043126156,1,4.0,560.2969939748921,29
290,PQR Logistics,10-03-2023,818.032283972771,1,1.0,560.2969939748921,30
408,PQR Logistics,10-03-2023,346.74459990382525,1,0.0,560.2969939748921,31
56,PQR Logistics,14-03-2023,784.921591848699,1,4.0,560.2969939748921,32
104,PQR Logistics,14-03-2023,610.7867634354023,1,0.0,560.2969939748921,33
47,PQR Logistics,16-03-2023,431.673709351385,1,2.0,560.2969939748921,34
116,PQR Logistics,16-03-2023,738.1544675058248,1,0.0,560.2969939748921,35
603,PQR Logistics,16-03-2023,763.6903918493371,1,0.0,560.2969939748921,36
865,PQR Logistics,17-03-2023,951.1283323002541,1,1.0,560.2969939748921,37
990,PQR Logistics,23-03-2023,724.7355161588479,1,6.0,560.2969939748921,38
273,PQR Logistics,25-03-2023,686.1096793373429,1,2.0,560.2969939748921,39
30,PQR Logistics,26-03-2023,689.0600928530217,1,1.0,560.2969939748921,40
509,PQR Logistics,26-03-2023,221.6496602393405,1,0.0,560.2969939748921,41
84,PQR Logistics,29-03-2023,801.8658900040148,1,3.0,560.2969939748921,42
374,PQR Logistics,30-03-2023,802.4729637194756,1,1.0,560.2969939748921,43
219,PQR Logistics,31-03-2023,825.1031376550478,1,1.0,560.2969939748921,44
113,PQR Logistics,01-04-2023,942.5910216193208,1,1.0,560.2969939748921,45
321,PQR Logistics,01-04-2023,788.3949353879154,1,0.0,560.2969939748921,46
267,PQR Logistics,07-04-2023,937.85382595628,1,6.0,560.2969939748921,47
608,PQR Logistics,13-04-2023,744.691049256414,1,6.0,560.2969939748921,48
589,PQR Logistics,14-04-2023,493.8428116498527,1,1.0,560.2969939748921,49
769,PQR Logistics,14-04-2023,479.1232479646648,1,0.0,560.2969939748921,50
583,PQR Logistics,17-04-2023,806.5148894533512,1,3.0,560.2969939748921,51
546,PQR Logistics,19-04-2023,217.63933906617953,1,2.0,560.2969939748921,52
649,PQR Logistics,19-04-2023,404.44075539504854,1,0.0,560.2969939748921,53
349,PQR Logistics,21-04-2023,713.0060685684846,1,2.0,560.2969939748921,54
884,PQR Logistics,21-04-2023,284.39314673564127,1,0.0,560.2969939748921,55
478,PQR Logistics,22-04-2023,287.6594629216022,1,1.0,560.2969939748921,56
143,PQR Logistics,24-04-2023,747.2816004450375,1,2.0,560.2969939748921,57
565,PQR Logistics,24-04-2023,317.08131183958733,1,0.0,560.2969939748921,58
272,PQR Logistics,26-04-2023,454.4779650887426,1,2.0,560.2969939748921,59
253,PQR Logistics,27-04-2023,184.51064421047653,1,1.0,560.2969939748921,60
568,PQR Logistics,28-04-2023,963.6189798889301,1,1.0,560.2969939748921,61
92,PQR Logistics,30-04-2023,656.3401608863072,1,2.0,560.2969939748921,62
659,PQR Logistics,30-04-2023,277.72344087394356,1,0.0,560.2969939748921,63
779,PQR Logistics,30-04-2023,426.01189748705957,1,0.0,560.2969939748921,64
233,PQR Logistics,03-05-2023,556.5113278195531,1,3.0,560.2969939748921,65
313,PQR Logistics,03-05-2023,531.2636898667579,1,0.0,560.2969939748921,66
436,PQR Logistics,06-05-2023,257.77264812189367,1,3.0,560.2969939748921,67
37,PQR Logistics,07-05-2023,674.673352897677,1,1.0,560.2969939748921,68
167,PQR Logistics,09-05-2023,886.0809142734945,1,2.0,560.2969939748921,69
720,PQR Logistics,10-05-2023,394.2384547042712,1,1.0,560.2969939748921,70
792,PQR Logistics,10-05-2023,267.4912760616496,1,0.0,560.2969939748921,71
632,PQR Logistics,11-05-2023,285.11853597599963,1,1.0,560.2969939748921,72
224,PQR Logistics,13-05-2023,342.77465036529065,1,2.0,560.2969939748921,73
438,PQR Logistics,13-05-2023,280.8403197931508,1,0.0,560.2969939748921,74
78,PQR Logistics,14-05-2023,453.2442007660163,1,1.0,560.2969939748921,75
532,PQR Logistics,15-05-2023,228.02443181847656,1,1.0,560.2969939748921,76
975,PQR Logistics,15-05-2023,857.3027977762839,1,0.0,560.2969939748921,77
915,PQR Logistics,16-05-2023,726.3092063519222,1,1.0,560.2969939748921,78
472,PQR Logistics,19-05-2023,640.5349000245556,1,3.0,560.2969939748921,79
69,PQR Logistics,20-05-2023,542.4350920672932,1,1.0,560.2969939748921,80
282,PQR Logistics,20-05-2023,610.314634888001,1,0.0,560.2969939748921,81
507,PQR Logistics,20-05-2023,161.35507844694422,1,0.0,560.2969939748921,82
205,PQR Logistics,21-05-2023,567.7965537004159,1,1.0,560.2969939748921,83
596,PQR Logistics,21-05-2023,693.4185299852045,1,0.0,560.2969939748921,84
710,PQR Logistics,31-05-2023,419.8461118171655,1,10.0,560.2969939748921,85
309,PQR Logistics,01-06-2023,517.1446394205151,1,1.0,560.2969939748921,86
412,PQR Logistics,01-06-2023,272.6805922468686,1,0.0,560.2969939748921,87
668,PQR Logistics,01-06-2023,779.5377358716505,1,0.0,560.2969939748921,88
718,PQR Logistics,02-06-2023,962.2661321074422,1,1.0,560.2969939748921,89
348,PQR Logistics,03-06-2023,263.0344145812123,1,1.0,560.2969939748921,90
537,PQR Logistics,03-06-2023,156.06261831705643,1,0.0,560.2969939748921,91
444,PQR Logistics,04-06-2023,698.4205520384962,1,1.0,560.2969939748921,92
405,PQR Logistics,07-06-2023,193.6986844457497,1,3.0,560.2969939748921,93
108,PQR Logistics,09-06-2023,250.73432403316278,1,2.0,560.2969939748921,94
830,PQR Logistics,11-06-2023,119.64105709794055,1,2.0,560.2969939748921,95
435,PQR Logistics,12-06-2023,961.8627560548422,1,1.0,560.2969939748921,96
467,PQR Logistics,20-06-2023,943.2620407279566,1,8.0,560.2969939748921,97
677,PQR Logistics,20-06-2023,943.649259847407,1,0.0,560.2969939748921,98
740,PQR Logistics,20-06-2023,678.0929733147046,1,0.0,560.2969939748921,99
243,PQR Logistics,21-06-2023,564.0364257213253,1,1.0,560.2969939748921,100
498,PQR Logistics,21-06-2023,930.4814714620549,1,0.0,560.2969939748921,101
825,PQR Logistics,24-06-2023,225.32083400583565,1,3.0,560.2969939748921,102
500,PQR Logistics,27-06-2023,645.6276439758797,1,3.0,560.2969939748921,103
521,PQR Logistics,29-06-2023,685.180983158338,1,2.0,560.2969939748921,104
610,PQR Logistics,29-06-2023,164.13105498873273,1,0.0,560.2969939748921,105
397,PQR Logistics,30-06-2023,222.79577730105981,1,1.0,560.2969939748921,106
774,PQR Logistics,30-06-2023,855.8220570720555,1,0.0,560.2969939748921,107
681,PQR Logistics,05-07-2023,753.381918986766,1,5.0,560.2969939748921,108
935,PQR Logistics,09-07-2023,475.98488134758975,1,4.0,560.2969939748921,109
941,PQR Logistics,10-07-2023,484.7407191285536,1,1.0,560.2969939748921,110
144,PQR Logistics,11-07-2023,305.6092671981688,1,1.0,560.2969939748921,111
898,PQR Logistics,11-07-2023,194.9263299609675,1,0.0,560.2969939748921,112
57,PQR Logistics,14-07-2023,663.5982894682738,1,3.0,560.2969939748921,113
235,PQR Logistics,21-07-2023,233.50888086587997,1,7.0,560.2969939748921,114
491,PQR Logistics,21-07-2023,725.4559800122155,1,0.0,560.2969939748921,115
488,PQR Logistics,23-07-2023,172.82735474612696,1,2.0,560.2969939748921,116
783,PQR Logistics,24-07-2023,848.5273393081961,1,1.0,560.2969939748921,117
130,PQR Logistics,25-07-2023,173.4669838275306,1,1.0,560.2969939748921,118
402,PQR Logistics,25-07-2023,723.1925361919327,1,0.0,560.2969939748921,119
981,PQR Logistics,29-07-2023,392.5936138885291,1,4.0,560.2969939748921,120
826,PQR Logistics,03-08-2023,579.1786140476954,1,5.0,560.2969939748921,121
274,PQR Logistics,04-08-2023,195.93372727719165,1,1.0,560.2969939748921,122
595,PQR Logistics,05-08-2023,673.4813291274523,1,1.0,560.2969939748921,123
895,PQR Logistics,05-08-2023,918.2981852754042,1,0.0,560.2969939748921,124
995,PQR Logistics,06-08-2023,373.55176111665145,1,1.0,560.2969939748921,125
592,PQR Logistics,07-08-2023,134.5837140660925,1,1.0,560.2969939748921,126
372,PQR Logistics,08-08-2023,418.0792413724463,1,1.0,560.2969939748921,127
834,PQR Logistics,08-08-2023,943.1402158297826,1,0.0,560.2969939748921,128
428,PQR Logistics,10-08-2023,994.7254250990508,1,2.0,560.2969939748921,129
2,PQR Logistics,11-08-2023,160.6155413218945,1,1.0,560.2969939748921,130
704,PQR Logistics,11-08-2023,820.0638718292436,1,0.0,560.2969939748921,131
707,PQR Logistics,11-08-2023,759.7641664267073,1,0.0,560.2969939748921,132
207,PQR Logistics,12-08-2023,845.9950292943486,1,1.0,560.2969939748921,133
470,PQR Logistics,12-08-2023,457.2833653668551,1,0.0,560.2969939748921,134
609,PQR Logistics,12-08-2023,164.87590239880603,1,0.0,560.2969939748921,135
276,PQR Logistics,13-08-2023,999.4723531935999,1,1.0,560.2969939748921,136
618,PQR Logistics,19-08-2023,695.233549963373,1,6.0,560.2969939748921,137
437,PQR Logistics,20-08-2023,721.0044017385992,1,1.0,560.2969939748921,138
481,PQR Logistics,20-08-2023,835.7047376420725,1,0.0,560.2969939748921,139
789,PQR Logistics,20-08-2023,486.69113146504156,1,0.0,560.2969939748921,140
217,PQR Logistics,22-08-2023,527.1677881748325,1,2.0,560.2969939748921,141
342,PQR Logistics,23-08-2023,380.1769292404033,1,1.0,560.2969939748921,142
163,PQR Logistics,24-08-2023,620.8078677151541,1,1.0,560.2969939748921,143
517,PQR Logistics,25-08-2023,195.09821583556953,1,1.0,560.2969939748921,144
613,PQR Logistics,25-08-2023,763.7575235131062,1,0.0,560.2969939748921,145
768,PQR Logistics,25-08-2023,678.3086795816724,1,0.0,560.2969939748921,146
401,PQR Logistics,26-08-2023,745.8379890923586,1,1.0,560.2969939748921,147
737,PQR Logistics,26-08-2023,183.69157584081893,1,0.0,560.2969939748921,148
932,PQR Logistics,26-08-2023,823.2431818973816,1,0.0,560.2969939748921,149
434,PQR Logistics,28-08-2023,606.0671342901188,1,2.0,560.2969939748921,150
999,PQR Logistics,29-08-2023,789.4582988817723,1,1.0,560.2969939748921,151
992,PQR Logistics,01-09-2023,374.77960902705814,1,3.0,560.2969939748921,152
979,PQR Logistics,02-09-2023,213.63826740805246,1,1.0,560.2969939748921,153
24,PQR Logistics,03-09-2023,247.26143907250227,1,1.0,560.2969939748921,154
918,PQR Logistics,03-09-2023,871.4613312988777,1,0.0,560.2969939748921,155
971,PQR Logistics,03-09-2023,773.9437032669758,1,0.0,560.2969939748921,156
988,PQR Logistics,03-09-2023,351.3484796089694,1,0.0,560.2969939748921,157
89,PQR Logistics,05-09-2023,987.9963339404318,1,2.0,560.2969939748921,158
602,PQR Logistics,05-09-2023,235.15210073533748,1,0.0,560.2969939748921,159
842,PQR Logistics,05-09-2023,278.28786948376614,1,0.0,560.2969939748921,160
896,PQR Logistics,05-09-2023,584.8316181574428,1,0.0,560.2969939748921,161
202,PQR Logistics,06-09-2023,312.44541701181754,1,1.0,560.2969939748921,162
794,PQR Logistics,06-09-2023,512.3681980641034,1,0.0,560.2969939748921,163
399,PQR Logistics,07-09-2023,463.8868912938629,1,1.0,560.2969939748921,164
82,PQR Logistics,08-09-2023,725.4836975138883,1,1.0,560.2969939748921,165
561,PQR Logistics,08-09-2023,223.39873515609915,1,0.0,560.2969939748921,166
719,PQR Logistics,08-09-2023,431.14667617187604,1,0.0,560.2969939748921,167
381,PQR Logistics,10-09-2023,506.5909108635062,1,2.0,560.2969939748921,168
150,PQR Logistics,12-09-2023,164.97856808125826,1,2.0,560.2969939748921,169
987,PQR Logistics,12-09-2023,853.3370127186461,1,0.0,560.2969939748921,170
594,PQR Logistics,13-09-2023,515.3297181622607,1,1.0,560.2969939748921,171
119,PQR Logistics,14-09-2023,821.5552747628126,1,1.0,560.2969939748921,172
954,PQR Logistics,14-09-2023,739.2185187609804,1,0.0,560.2969939748921,173
323,PQR Logistics,15-09-2023,746.310768603845,1,1.0,560.2969939748921,174
661,PQR Logistics,16-09-2023,681.2297313896854,1,1.0,560.2969939748921,175
25,PQR Logistics,18-09-2023,815.3285938749365,1,2.0,560.2969939748921,176
164,PQR Logistics,18-09-2023,494.7538772706314,1,0.0,560.2969939748921,177
121,PQR Logistics,19-09-2023,833.3426023718611,1,1.0,560.2969939748921,178
872,PQR Logistics,20-09-2023,156.04579529369704,1,1.0,560.2969939748921,179
476,PQR Logistics,23-09-2023,992.9422133409814,1,3.0,560.2969939748921,180
554,PQR Logistics,26-09-2023,792.3744042772058,1,3.0,560.2969939748921,181
98,PQR Logistics,28-09-2023,179.07984923035002,1,2.0,560.2969939748921,182
160,PQR Logistics,28-09-2023,988.884607362452,1,0.0,560.2969939748921,183
559,PQR Logistics,28-09-2023,333.8318878705308,1,0.0,560.2969939748921,184
957,PQR Logistics,28-09-2023,839.4732079394245,1,0.0,560.2969939748921,185
67,PQR Logistics,29-09-2023,487.2753054095164,1,1.0,560.2969939748921,186
696,PQR Logistics,29-09-2023,244.0644714591157,1,0.0,560.2969939748921,187
17,PQR Logistics,30-09-2023,793.3666760270139,1,1.0,560.2969939748921,188
386,PQR Logistics,03-10-2023,295.0658200816981,1,3.0,560.2969939748921,189
556,PQR Logistics,04-10-2023,474.5385983617854,1,1.0,560.2969939748921,190
174,PQR Logistics,06-10-2023,660.6699252071345,1,2.0,560.2969939748921,191
45,PQR Logistics,08-10-2023,128.02067459606022,1,2.0,560.2969939748921,192
300,PQR Logistics,08-10-2023,449.7022911433112,1,0.0,560.2969939748921,193
861,PQR Logistics,08-10-2023,173.55281117210043,1,0.0,560.2969939748921,194
406,PQR Logistics,10-10-2023,751.904935415867,1,2.0,560.2969939748921,195
902,PQR Logistics,10-10-2023,798.0506658327947,1,0.0,560.2969939748921,196
316,PQR Logistics,14-10-2023,442.17605690727135,1,4.0,560.2969939748921,197
814,PQR Logistics,15-10-2023,915.629122468933,1,1.0,560.2969939748921,198
678,PQR Logistics,16-10-2023,138.8563622173105,1,1.0,560.2969939748921,199
889,PQR Logistics,16-10-2023,506.11540976288927,1,0.0,560.2969939748921,200
111,PQR Logistics,22-10-2023,735.828153838211,1,6.0,560.2969939748921,201
141,PQR Logistics,26-10-2023,548.3761448078251,1,4.0,560.2969939748921,202
994,PQR Logistics,27-10-2023,129.8704191061836,1,1.0,560.2969939748921,203
131,PQR Logistics,30-10-2023,154.31687559150743,1,3.0,560.2969939748921,204
29,PQR Logistics,31-10-2023,712.4493718672418,1,1.0,560.2969939748921,205
236,PQR Logistics,31-10-2023,987.9671106629622,1,0.0,560.2969939748921,206
675,PQR Logistics,31-10-2023,590.5242270072445,1,0.0,560.2969939748921,207
419,PQR Logistics,01-11-2023,820.3208570401254,1,1.0,560.2969939748921,208
15,PQR Logistics,04-11-2023,391.24919723458714,1,3.0,560.2969939748921,209
340,PQR Logistics,04-11-2023,822.7233080493971,1,0.0,560.2969939748921,210
358,PQR Logistics,06-11-2023,825.3932947976423,1,2.0,560.2969939748921,211
548,PQR Logistics,06-11-2023,504.80618393919025,1,0.0,560.2969939748921,212
474,PQR Logistics,09-11-2023,927.4527758929756,1,3.0,560.2969939748921,213
296,PQR Logistics,11-11-2023,392.1272469102433,1,2.0,560.2969939748921,214
445,PQR Logistics,11-11-2023,815.9049647107563,1,0.0,560.2969939748921,215
599,PQR Logistics,11-11-2023,652.5402262840556,1,0.0,560.2969939748921,216
396,PQR Logistics,12-11-2023,989.0069681933986,1,1.0,560.2969939748921,217
480,PQR Logistics,12-11-2023,204.7297580969285,1,0.0,560.2969939748921,218
355,PQR Logistics,13-11-2023,330.9065053312274,1,1.0,560.2969939748921,219
684,PQR Logistics,13-11-2023,555.2674236566461,1,0.0,560.2969939748921,220
329,PQR Logistics,14-11-2023,908.2274940549883,1,1.0,560.2969939748921,221
708,PQR Logistics,14-11-2023,654.3869052341611,1,0.0,560.2969939748921,222
778,PQR Logistics,19-11-2023,266.02862782027546,1,5.0,560.2969939748921,223
458,PQR Logistics,20-11-2023,214.94213527171132,1,1.0,560.2969939748921,224
80,PQR Logistics,21-11-2023,640.0184933073733,1,1.0,560.2969939748921,225
430,PQR Logistics,21-11-2023,602.0050756330224,1,0.0,560.2969939748921,226
91,PQR Logistics,24-11-2023,548.9993381062204,1,3.0,560.2969939748921,227
694,PQR Logistics,30-11-2023,672.6622185813233,1,6.0,560.2969939748921,228
77,PQR Logistics,01-12-2023,165.202199015103,1,1.0,560.2969939748921,229
33,PQR Logistics,03-12-2023,235.9521026028102,1,2.0,560.2969939748921,230
339,PQR Logistics,04-12-2023,376.56096843365793,1,1.0,560.2969939748921,231
145,PQR Logistics,05-12-2023,996.7005244510677,1,1.0,560.2969939748921,232
519,PQR Logistics,06-12-2023,294.4343642586397,1,1.0,560.2969939748921,233
807,PQR Logistics,06-12-2023,691.2596406404256,1,0.0,560.2969939748921,234
919,PQR Logistics,06-12-2023,915.5289292891898,1,0.0,560.2969939748921,235
465,PQR Logistics,07-12-2023,424.1227667243672,1,1.0,560.2969939748921,236
836,PQR Logistics,07-12-2023,476.91398716674524,1,0.0,560.2969939748921,237
330,PQR Logistics,08-12-2023,319.1340669186693,1,1.0,560.2969939748921,238
311,PQR Logistics,09-12-2023,877.0002846146427,1,1.0,560.2969939748921,239
552,PQR Logistics,09-12-2023,844.7841060101869,1,0.0,560.2969939748921,240
409,PQR Logistics,12-12-2023,171.47743209008794,1,3.0,560.2969939748921,241
822,PQR Logistics,12-12-2023,130.25224016495437,1,0.0,560.2969939748921,242
998,PQR Logistics,12-12-2023,884.0840340367469,1,0.0,560.2969939748921,243
281,PQR Logistics,14-12-2023,804.1469356524461,1,2.0,560.2969939748921,244
985,PQR Logistics,14-12-2023,870.1635330152077,1,0.0,560.2969939748921,245
354,PQR Logistics,16-12-2023,610.5809976660132,1,2.0,560.2969939748921,246
557,PQR Logistics,16-12-2023,533.2097364717913,1,0.0,560.2969939748921,247
885,PQR Logistics,17-12-2023,890.0470703368368,1,1.0,560.2969939748921,248
393,PQR Logistics,18-12-2023,451.8153963149632,1,1.0,560.2969939748921,249
730,PQR Logistics,18-12-2023,452.3731283600464,1,0.0,560.2969939748921,250
761,PQR Logistics,23-12-2023,490.61742955648776,1,5.0,560.2969939748921,251
126,PQR Logistics,24-12-2023,507.08645606647013,1,1.0,560.2969939748921,252
171,PQR Logistics,25-12-2023,633.1152957340261,1,1.0,560.2969939748921,253
702,PQR Logistics,25-12-2023,189.26028962849432,1,0.0,560.2969939748921,254
640,PQR Logistics,29-12-2023,818.8427724891171,1,4.0,560.2969939748921,255
652,PQR Logistics,30-12-2023,434.950321453762,1,1.0,560.2969939748921,256
982,PQR Logistics,01-01-2024,717.6944770174877,1,2.0,560.2969939748921,257
928,PQR Logistics,04-01-2024,496.2910765315141,1,3.0,560.2969939748921,258
333,PQR Logistics,06-01-2024,940.9924241249629,1,2.0,560.2969939748921,259
788,PQR Logistics,06-01-2024,333.36708297919637,1,0.0,560.2969939748921,260
920,PQR Logistics,06-01-2024,349.21403864002804,1,0.0,560.2969939748921,261
361,PQR Logistics,10-01-2024,669.8362380346201,1,4.0,560.2969939748921,262
394,PQR Logistics,10-01-2024,635.0287016675558,1,0.0,560.2969939748921,263
723,PQR Logistics,11-01-2024,888.9856856453805,1,1.0,560.2969939748921,264
442,PQR Logistics,13-01-2024,780.5469960057214,1,2.0,560.2969939748921,265
948,PQR Logistics,13-01-2024,171.46592617872656,1,0.0,560.2969939748921,266
44,PQR Logistics,15-01-2024,291.794233622575,1,2.0,560.2969939748921,267
815,PQR Logistics,16-01-2024,324.59157986455546,1,1.0,560.2969939748921,268
129,PQR Logistics,17-01-2024,758.4305695797987,1,1.0,560.2969939748921,269
425,PQR Logistics,17-01-2024,391.90037780383807,1,0.0,560.2969939748921,270
978,PQR Logistics,17-01-2024,670.7279244661631,1,0.0,560.2969939748921,271
336,PQR Logistics,18-01-2024,537.284583267693,1,1.0,560.2969939748921,272
504,PQR Logistics,18-01-2024,458.7967249950818,1,0.0,560.2969939748921,273
198,PQR Logistics,20-01-2024,796.1258131179405,1,2.0,560.2969939748921,274
943,PQR Logistics,20-01-2024,111.34676797818314,1,0.0,560.2969939748921,275
784,PQR Logistics,21-01-2024,345.7637289755312,1,1.0,560.2969939748921,276
18,PQR Logistics,22-01-2024,714.9658389458547,1,1.0,560.2969939748921,277
240,PQR Logistics,22-01-2024,675.2079440339503,1,0.0,560.2969939748921,278
983,PQR Logistics,22-01-2024,162.67703334616516,1,0.0,560.2969939748921,279
54,PQR Logistics,23-01-2024,793.8296601796468,1,1.0,560.2969939748921,280
344,XYZ Boats,27-01-2023,744.5356068008742,0,0.0,544.5298667109026,1
863,XYZ Boats,27-01-2023,536.2266584170422,1,0.0,544.5298667109026,2
578,XYZ Boats,29-01-2023,763.6213696490197,1,2.0,544.5298667109026,3
422,XYZ Boats,02-02-2023,892.0711788053125,1,4.0,544.5298667109026,4
680,XYZ Boats,02-02-2023,218.55589610910573,1,0.0,544.5298667109026,5
969,XYZ Boats,03-02-2023,413.14727042395,1,1.0,544.5298667109026,6
357,XYZ Boats,05-02-2023,535.1910820479322,1,2.0,544.5298667109026,7
755,XYZ Boats,07-02-2023,736.9128412668242,1,2.0,544.5298667109026,8
791,XYZ Boats,07-02-2023,857.7402101126278,1,0.0,544.5298667109026,9
959,XYZ Boats,14-02-2023,422.0184387928976,1,7.0,544.5298667109026,10
452,XYZ Boats,20-02-2023,585.9614172525037,1,6.0,544.5298667109026,11
520,XYZ Boats,23-02-2023,657.6291594080466,1,3.0,544.5298667109026,12
114,XYZ Boats,25-02-2023,146.77415528632517,1,2.0,544.5298667109026,13
262,XYZ Boats,27-02-2023,547.4572876075846,1,2.0,544.5298667109026,14
910,XYZ Boats,28-02-2023,818.1227436543047,1,1.0,544.5298667109026,15
993,XYZ Boats,28-02-2023,291.3799387339865,1,0.0,544.5298667109026,16
295,XYZ Boats,01-03-2023,105.18279444830941,1,1.0,544.5298667109026,17
785,XYZ Boats,02-03-2023,566.2708896149338,1,1.0,544.5298667109026,18
963,XYZ Boats,02-03-2023,256.3854338221694,1,0.0,544.5298667109026,19
916,XYZ Boats,03-03-2023,813.935215394429,1,1.0,544.5298667109026,20
641,XYZ Boats,05-03-2023,363.53983303086824,1,2.0,544.5298667109026,21
512,XYZ Boats,12-03-2023,969.239945037898,1,7.0,544.5298667109026,22
451,XYZ Boats,14-03-2023,934.3008711318657,1,2.0,544.5298667109026,23
558,XYZ Boats,17-03-2023,117.27304914075101,1,3.0,544.5298667109026,24
165,XYZ Boats,19-03-2023,752.7318943736228,1,2.0,544.5298667109026,25
183,XYZ Boats,19-03-2023,262.8792574385408,1,0.0,544.5298667109026,26
612,XYZ Boats,22-03-2023,960.8512584695321,1,3.0,544.5298667109026,27
847,XYZ Boats,22-03-2023,414.5557348781369,1,0.0,544.5298667109026,28
939,XYZ Boats,22-03-2023,249.3594057662065,1,0.0,544.5298667109026,29
170,XYZ Boats,24-03-2023,349.1450175115464,1,2.0,544.5298667109026,30
712,XYZ Boats,24-03-2023,598.803862718815,1,0.0,544.5298667109026,31
873,XYZ Boats,24-03-2023,561.2523838932985,1,0.0,544.5298667109026,32
667,XYZ Boats,27-03-2023,327.01691815602544,1,3.0,544.5298667109026,33
420,XYZ Boats,01-04-2023,310.3408737193897,1,5.0,544.5298667109026,34
246,XYZ Boats,02-04-2023,225.6861292806816,1,1.0,544.5298667109026,35
848,XYZ Boats,04-04-2023,202.68620639914002,1,2.0,544.5298667109026,36
158,XYZ Boats,05-04-2023,411.34149329226665,1,1.0,544.5298667109026,37
986,XYZ Boats,06-04-2023,304.4616013211634,1,1.0,544.5298667109026,38
636,XYZ Boats,07-04-2023,679.5138281870176,1,1.0,544.5298667109026,39
326,XYZ Boats,08-04-2023,276.2001871151915,1,1.0,544.5298667109026,40
968,XYZ Boats,09-04-2023,227.7747907848945,1,1.0,544.5298667109026,41
187,XYZ Boats,10-04-2023,883.6749111452602,1,1.0,544.5298667109026,42
529,XYZ Boats,10-04-2023,725.5317059726979,1,0.0,544.5298667109026,43
105,XYZ Boats,13-04-2023,720.5184722235392,1,3.0,544.5298667109026,44
914,XYZ Boats,13-04-2023,242.15934055181322,1,0.0,544.5298667109026,45
50,XYZ Boats,15-04-2023,971.3740851232495,1,2.0,544.5298667109026,46
231,XYZ Boats,15-04-2023,940.4875157751144,1,0.0,544.5298667109026,47
310,XYZ Boats,16-04-2023,441.80720216130686,1,1.0,544.5298667109026,48
52,XYZ Boats,17-04-2023,881.7608511600497,1,1.0,544.5298667109026,49
746,XYZ Boats,21-04-2023,708.821143503726,1,4.0,544.5298667109026,50
127,XYZ Boats,27-04-2023,679.2199256768724,1,6.0,544.5298667109026,51
413,XYZ Boats,27-04-2023,391.03440590396866,1,0.0,544.5298667109026,52
802,XYZ Boats,28-04-2023,788.9616090919988,1,1.0,544.5298667109026,53
888,XYZ Boats,30-04-2023,314.9165902433854,1,2.0,544.5298667109026,54
870,XYZ Boats,01-05-2023,685.8761204358588,1,1.0,544.5298667109026,55
103,XYZ Boats,08-05-2023,219.44417863875432,1,7.0,544.5298667109026,56
448,XYZ Boats,08-05-2023,459.38432422837735,1,0.0,544.5298667109026,57
461,XYZ Boats,12-05-2023,737.8702279686788,1,4.0,544.5298667109026,58
196,XYZ Boats,13-05-2023,691.062998087163,1,1.0,544.5298667109026,59
226,XYZ Boats,13-05-2023,578.0525752009288,1,0.0,544.5298667109026,60
228,XYZ Boats,13-05-2023,135.4091866016587,1,0.0,544.5298667109026,61
690,XYZ Boats,13-05-2023,367.7936061869385,1,0.0,544.5298667109026,62
585,XYZ Boats,14-05-2023,959.8012178535355,1,1.0,544.5298667109026,63
176,XYZ Boats,15-05-2023,759.8017201737529,1,1.0,544.5298667109026,64
762,XYZ Boats,19-05-2023,179.7403867116555,1,4.0,544.5298667109026,65
271,XYZ Boats,20-05-2023,692.9969232093915,1,1.0,544.5298667109026,66
118,XYZ Boats,28-05-2023,742.678238919185,1,8.0,544.5298667109026,67
484,XYZ Boats,30-05-2023,881.2510210967054,1,2.0,544.5298667109026,68
614,XYZ Boats,30-05-2023,417.92626765185776,1,0.0,544.5298667109026,69
639,XYZ Boats,30-05-2023,971.6398998349454,1,0.0,544.5298667109026,70
43,XYZ Boats,04-06-2023,306.95914530197757,1,5.0,544.5298667109026,71
106,XYZ Boats,04-06-2023,820.5280291981746,1,0.0,544.5298667109026,72
280,XYZ Boats,04-06-2023,883.6781053035332,1,0.0,544.5298667109026,73
373,XYZ Boats,05-06-2023,313.18350307703383,1,1.0,544.5298667109026,74
325,XYZ Boats,08-06-2023,116.40932440872547,1,3.0,544.5298667109026,75
764,XYZ Boats,08-06-2023,638.402764657365,1,0.0,544.5298667109026,76
305,XYZ Boats,09-06-2023,165.87633139159928,1,1.0,544.5298667109026,77
297,XYZ Boats,10-06-2023,429.8153813842581,1,1.0,544.5298667109026,78
364,XYZ Boats,14-06-2023,837.2699734841112,1,4.0,544.5298667109026,79
525,XYZ Boats,15-06-2023,513.8203813923882,1,1.0,544.5298667109026,80
877,XYZ Boats,16-06-2023,807.6503794456298,1,1.0,544.5298667109026,81
23,XYZ Boats,17-06-2023,506.2483218967079,1,1.0,544.5298667109026,82
223,XYZ Boats,17-06-2023,200.7276574579551,1,0.0,544.5298667109026,83
823,XYZ Boats,17-06-2023,156.3878831098191,1,0.0,544.5298667109026,84
584,XYZ Boats,18-06-2023,902.876220046211,1,1.0,544.5298667109026,85
421,XYZ Boats,19-06-2023,586.0107231440595,1,1.0,544.5298667109026,86
699,XYZ Boats,19-06-2023,322.01097806946075,1,0.0,544.5298667109026,87
691,XYZ Boats,23-06-2023,608.5197935731145,1,4.0,544.5298667109026,88
775,XYZ Boats,23-06-2023,445.4496567397396,1,0.0,544.5298667109026,89
66,XYZ Boats,25-06-2023,717.0087585060742,1,2.0,544.5298667109026,90
190,XYZ Boats,25-06-2023,423.3100324597891,1,0.0,544.5298667109026,91
379,XYZ Boats,28-06-2023,185.98178245120135,1,3.0,544.5298667109026,92
382,XYZ Boats,28-06-2023,627.9476168579267,1,0.0,544.5298667109026,93
407,XYZ Boats,28-06-2023,620.5482253057681,1,0.0,544.5298667109026,94
494,XYZ Boats,02-07-2023,676.8748696107988,1,4.0,544.5298667109026,95
581,XYZ Boats,02-07-2023,455.02865071303177,1,0.0,544.5298667109026,96
574,XYZ Boats,06-07-2023,188.2743227058201,1,4.0,544.5298667109026,97
99,XYZ Boats,07-07-2023,415.5642380882627,1,1.0,544.5298667109026,98
308,XYZ Boats,09-07-2023,657.5413114086531,1,2.0,544.5298667109026,99
721,XYZ Boats,13-07-2023,233.9992452992002,1,4.0,544.5298667109026,100
278,XYZ Boats,14-07-2023,979.4567657991855,1,1.0,544.5298667109026,101
530,XYZ Boats,16-07-2023,985.3110327370722,1,2.0,544.5298667109026,102
26,XYZ Boats,18-07-2023,724.3140032033398,1,2.0,544.5298667109026,103
35,XYZ Boats,18-07-2023,949.254328150839,1,0.0,544.5298667109026,104
868,XYZ Boats,18-07-2023,516.0660049005464,1,0.0,544.5298667109026,105
549,XYZ Boats,19-07-2023,275.16026063868856,1,1.0,544.5298667109026,106
673,XYZ Boats,22-07-2023,690.5456539129643,1,3.0,544.5298667109026,107
109,XYZ Boats,25-07-2023,194.11105630096023,1,3.0,544.5298667109026,108
510,XYZ Boats,30-07-2023,966.8036004302564,1,5.0,544.5298667109026,109
664,XYZ Boats,31-07-2023,875.2329967270924,1,1.0,544.5298667109026,110
949,XYZ Boats,01-08-2023,758.3468413063262,1,1.0,544.5298667109026,111
87,XYZ Boats,02-08-2023,194.43716057635737,1,1.0,544.5298667109026,112
743,XYZ Boats,08-08-2023,605.3361291635713,1,6.0,544.5298667109026,113
756,XYZ Boats,09-08-2023,809.7534682051657,1,1.0,544.5298667109026,114
49,XYZ Boats,12-08-2023,525.8889160224014,1,3.0,544.5298667109026,115
518,XYZ Boats,21-08-2023,676.7436832211856,1,9.0,544.5298667109026,116
285,XYZ Boats,22-08-2023,463.72628948592967,1,1.0,544.5298667109026,117
742,XYZ Boats,25-08-2023,621.9854086853181,1,3.0,544.5298667109026,118
878,XYZ Boats,26-08-2023,281.22740392237694,1,1.0,544.5298667109026,119
156,XYZ Boats,28-08-2023,768.4358690799829,1,2.0,544.5298667109026,120
859,XYZ Boats,28-08-2023,737.0515875067919,1,0.0,544.5298667109026,121
266,XYZ Boats,30-08-2023,127.34835372715318,1,2.0,544.5298667109026,122
576,XYZ Boats,02-09-2023,235.04379822458583,1,3.0,544.5298667109026,123
515,XYZ Boats,03-09-2023,555.5276765562196,1,1.0,544.5298667109026,124
615,XYZ Boats,03-09-2023,366.8820231588897,1,0.0,544.5298667109026,125
367,XYZ Boats,04-09-2023,290.84035591740394,1,1.0,544.5298667109026,126
238,XYZ Boats,05-09-2023,104.44598284096865,1,1.0,544.5298667109026,127
903,XYZ Boats,05-09-2023,968.0289885107304,1,0.0,544.5298667109026,128
686,XYZ Boats,06-09-2023,759.5213902896255,1,1.0,544.5298667109026,129
225,XYZ Boats,07-09-2023,151.37817048038337,1,1.0,544.5298667109026,130
241,XYZ Boats,08-09-2023,881.1264650680199,1,1.0,544.5298667109026,131
976,XYZ Boats,12-09-2023,524.1584506583481,1,4.0,544.5298667109026,132
628,XYZ Boats,14-09-2023,365.90029972967824,1,2.0,544.5298667109026,133
74,XYZ Boats,15-09-2023,379.3257630312164,1,1.0,544.5298667109026,134
809,XYZ Boats,15-09-2023,162.06221472077905,1,0.0,544.5298667109026,135
622,XYZ Boats,16-09-2023,694.2724477312044,1,1.0,544.5298667109026,136
929,XYZ Boats,16-09-2023,653.7682225628218,1,0.0,544.5298667109026,137
197,XYZ Boats,17-09-2023,392.6710578022254,1,1.0,544.5298667109026,138
560,XYZ Boats,18-09-2023,784.2608408099215,1,1.0,544.5298667109026,139
698,XYZ Boats,18-09-2023,108.39845784438397,1,0.0,544.5298667109026,140
258,XYZ Boats,22-09-2023,723.3633570035481,1,4.0,544.5298667109026,141
701,XYZ Boats,23-09-2023,992.6289562144271,1,1.0,544.5298667109026,142
626,XYZ Boats,25-09-2023,173.9545007287846,1,2.0,544.5298667109026,143
692,XYZ Boats,25-09-2023,719.9967718450816,1,0.0,544.5298667109026,144
102,XYZ Boats,26-09-2023,457.23094858143645,1,1.0,544.5298667109026,145
123,XYZ Boats,28-09-2023,905.3349904544749,1,2.0,544.5298667109026,146
76,XYZ Boats,30-09-2023,110.45848591729057,1,2.0,544.5298667109026,147
486,XYZ Boats,30-09-2023,811.0273926763552,1,0.0,544.5298667109026,148
907,XYZ Boats,30-09-2023,813.5689771304554,1,0.0,544.5298667109026,149
423,XYZ Boats,03-10-2023,685.7896321424747,1,3.0,544.5298667109026,150
10,XYZ Boats,05-10-2023,774.6866485686322,1,2.0,544.5298667109026,151
600,XYZ Boats,05-10-2023,159.98683650462095,1,0.0,544.5298667109026,152
457,XYZ Boats,06-10-2023,779.7433784471272,1,1.0,544.5298667109026,153
514,XYZ Boats,06-10-2023,380.6345197767336,1,0.0,544.5298667109026,154
528,XYZ Boats,06-10-2023,152.00250489673,1,0.0,544.5298667109026,155
70,XYZ Boats,08-10-2023,157.78804336762067,1,2.0,544.5298667109026,156
304,XYZ Boats,10-10-2023,304.54266453683636,1,2.0,544.5298667109026,157
864,XYZ Boats,10-10-2023,249.19708614694818,1,0.0,544.5298667109026,158
580,XYZ Boats,12-10-2023,438.2994566311924,1,2.0,544.5298667109026,159
566,XYZ Boats,13-10-2023,978.2863794190484,1,1.0,544.5298667109026,160
754,XYZ Boats,15-10-2023,806.4072794003208,1,2.0,544.5298667109026,161
27,XYZ Boats,16-10-2023,298.69265150988434,1,1.0,544.5298667109026,162
335,XYZ Boats,16-10-2023,191.27874560429487,1,0.0,544.5298667109026,163
72,XYZ Boats,17-10-2023,342.0940639915879,1,1.0,544.5298667109026,164
660,XYZ Boats,17-10-2023,898.2324101883426,1,0.0,544.5298667109026,165
882,XYZ Boats,18-10-2023,781.0763551197715,1,1.0,544.5298667109026,166
209,XYZ Boats,22-10-2023,323.84284532886693,1,4.0,544.5298667109026,167
757,XYZ Boats,31-10-2023,565.5421507974484,1,9.0,544.5298667109026,168
34,XYZ Boats,01-11-2023,489.1013209383417,1,1.0,544.5298667109026,169
107,XYZ Boats,03-11-2023,280.1352198203291,1,2.0,544.5298667109026,170
587,XYZ Boats,03-11-2023,383.8662061732115,1,0.0,544.5298667109026,171
94,XYZ Boats,04-11-2023,603.6838151382227,1,1.0,544.5298667109026,172
450,XYZ Boats,05-11-2023,993.2351519425376,1,1.0,544.5298667109026,173
655,XYZ Boats,05-11-2023,651.645624245073,1,0.0,544.5298667109026,174
542,XYZ Boats,06-11-2023,375.6282587079505,1,1.0,544.5298667109026,175
571,XYZ Boats,06-11-2023,593.1635400763237,1,0.0,544.5298667109026,176
753,XYZ Boats,06-11-2023,400.8144868264547,1,0.0,544.5298667109026,177
21,XYZ Boats,07-11-2023,997.4120501419401,1,1.0,544.5298667109026,178
695,XYZ Boats,07-11-2023,785.0093833388422,1,0.0,544.5298667109026,179
567,XYZ Boats,09-11-2023,821.3834006946906,1,2.0,544.5298667109026,180
674,XYZ Boats,10-11-2023,259.6858925227362,1,1.0,544.5298667109026,181
635,XYZ Boats,11-11-2023,797.1704025740091,1,1.0,544.5298667109026,182
90,XYZ Boats,12-11-2023,228.2459886113619,1,1.0,544.5298667109026,183
453,XYZ Boats,14-11-2023,857.8299649387792,1,2.0,544.5298667109026,184
679,XYZ Boats,14-11-2023,248.3333341564934,1,0.0,544.5298667109026,185
454,XYZ Boats,15-11-2023,568.862179544838,1,1.0,544.5298667109026,186
418,XYZ Boats,17-11-2023,160.8513072329934,1,2.0,544.5298667109026,187
917,XYZ Boats,19-11-2023,385.085509360774,1,2.0,544.5298667109026,188
432,XYZ Boats,20-11-2023,518.6850510553463,1,1.0,544.5298667109026,189
805,XYZ Boats,20-11-2023,221.81867404991698,1,0.0,544.5298667109026,190
398,XYZ Boats,21-11-2023,725.6300986428344,1,1.0,544.5298667109026,191
940,XYZ Boats,22-11-2023,893.7349824741796,1,1.0,544.5298667109026,192
320,XYZ Boats,23-11-2023,647.1145835141001,1,1.0,544.5298667109026,193
523,XYZ Boats,23-11-2023,155.21466439960136,1,0.0,544.5298667109026,194
828,XYZ Boats,23-11-2023,412.6089936329584,1,0.0,544.5298667109026,195
71,XYZ Boats,24-11-2023,623.774261722959,1,1.0,544.5298667109026,196
672,XYZ Boats,25-11-2023,798.8027018497522,1,1.0,544.5298667109026,197
97,XYZ Boats,26-11-2023,565.9404790462403,1,1.0,544.5298667109026,198
368,XYZ Boats,27-11-2023,649.8828899658926,1,1.0,544.5298667109026,199
687,XYZ Boats,28-11-2023,588.0134849426635,1,1.0,544.5298667109026,200
852,XYZ Boats,28-11-2023,865.554452057024,1,0.0,544.5298667109026,201
463,XYZ Boats,01-12-2023,372.81552035079574,1,3.0,544.5298667109026,202
251,XYZ Boats,06-12-2023,706.0891899924255,1,5.0,544.5298667109026,203
735,XYZ Boats,06-12-2023,419.94370939722165,1,0.0,544.5298667109026,204
536,XYZ Boats,07-12-2023,722.9452075247187,1,1.0,544.5298667109026,205
989,XYZ Boats,07-12-2023,678.5937190528368,1,0.0,544.5298667109026,206
237,XYZ Boats,08-12-2023,968.606826792441,1,1.0,544.5298667109026,207
294,XYZ Boats,08-12-2023,590.0401881647646,1,0.0,544.5298667109026,208
283,XYZ Boats,12-12-2023,764.6042883261939,1,4.0,544.5298667109026,209
906,XYZ Boats,16-12-2023,358.424162276118,1,4.0,544.5298667109026,210
579,XYZ Boats,18-12-2023,528.4163164318899,1,2.0,544.5298667109026,211
410,XYZ Boats,20-12-2023,177.09242463678748,1,2.0,544.5298667109026,212
897,XYZ Boats,20-12-2023,548.0312572308612,1,0.0,544.5298667109026,213
324,XYZ Boats,22-12-2023,959.9713263594413,1,2.0,544.5298667109026,214
95,XYZ Boats,23-12-2023,108.79376267726529,1,1.0,544.5298667109026,215
991,XYZ Boats,23-12-2023,561.3892778305476,1,0.0,544.5298667109026,216
93,XYZ Boats,26-12-2023,732.2184734896936,1,3.0,544.5298667109026,217
875,XYZ Boats,26-12-2023,513.3158898372623,1,0.0,544.5298667109026,218
28,XYZ Boats,29-12-2023,174.14294105425842,1,3.0,544.5298667109026,219
96,XYZ Boats,04-01-2024,393.8151774195927,1,6.0,544.5298667109026,220
482,XYZ Boats,04-01-2024,442.5609641289221,1,0.0,544.5298667109026,221
850,XYZ Boats,06-01-2024,302.7852369561116,1,2.0,544.5298667109026,222
937,XYZ Boats,10-01-2024,701.1279989232644,1,4.0,544.5298667109026,223
980,XYZ Boats,11-01-2024,708.5598058678906,1,1.0,544.5298667109026,224
604,XYZ Boats,12-01-2024,560.999728731407,1,1.0,544.5298667109026,225
642,XYZ Boats,13-01-2024,981.9732964229656,1,1.0,544.5298667109026,226
540,XYZ Boats,16-01-2024,832.573242555417,1,3.0,544.5298667109026,227
624,XYZ Boats,16-01-2024,338.54178549250366,1,0.0,544.5298667109026,228
750,XYZ Boats,22-01-2024,548.4301140371083,1,6.0,544.5298667109026,229
544,XYZ Boats,23-01-2024,574.3373175204865,1,1.0,544.5298667109026,230
